,y1,y2
0,1.042248105861547,-0.04794425892643323
1,1.4497396915212009,0.45287962481908955
2,0.40751651499199326,-0.9678196648015371
3,1.7759417538527216,-1.9568919919584444
4,2.2907315692262182,-0.7271793727670307
5,2.4213391890717704,-0.6189070933326104
6,0.5416908851052833,-0.69533734849177
7,0.9114114921263425,-0.008771028894411614
8,1.9879188714134555,0.7240539902777572
9,0.9588333698234346,1.1465313542421174
10,0.03878428815853463,1.1984309217027391
11,-1.3149497395611935,0.20227107897490681
12,-3.6003820012828163,0.6528528224112446
13,-1.2321416346899754,0.47282999441657375
14,0.04466843763274153,1.498891377989228
15,-1.5186252806505296,2.0777444939594916
16,0.15431395285155425,3.813533133320798
17,-1.8352677786648806,-0.3492346069281931
18,-1.2922181276455476,0.28138685892477755
19,-3.187402345473083,-0.13987455940815027
20,-3.246695325035742,-0.6968866320727432
21,-2.134588138244431,-0.24944595324061775
22,-1.8853570636051271,-0.9168376462103482
23,-2.2216780048984313,0.47532998695084827
24,-2.8037775797336453,-0.016252573363965017
25,-3.3058105089641328,0.8674045645827015
26,-2.924541804885514,1.4461937944481986
27,-1.3318319186339103,0.8329516873959235
28,-1.4229957836842748,-0.17688715851007042
29,-2.1503870600549813,1.3139592248349512
30,-0.8667961944626609,0.10047002478941114
31,-1.70840793626923,0.08208141812341549
32,-0.7061898711664837,1.1150004116191066
33,-0.5532779688810144,1.364734636135221
34,-2.6014752175105063,0.30099641076401107
35,-1.9706380475465637,0.6549154531760828
36,-1.7018374969769932,-0.5682067438900412
37,-0.19555975710298412,-2.4562464564228454
38,-0.9875940991463598,0.3451858731770112
39,-0.5178877436997552,1.192947364697854
40,-0.15209205273474102,0.5405530817334157
41,-0.6169262869836841,1.305714422706115
42,-1.600451328456745,0.3001124406762312
43,-1.7433576681382275,0.19715021792945364
44,-1.1842953220607764,1.0122578820193826
45,-0.14547098624458388,1.2448453934550265
46,0.055259112150266826,0.41274948106482734
47,0.2669225952144483,1.0949562552391654
48,-0.25897204826692855,0.04233813510918982
49,-1.6062942813892247,0.6159870654702142
50,0.10216902843613163,-0.4235387561596352
51,1.6268040345499226,0.8953015838740638
52,1.4448085430993085,-0.9841345261107558
53,-1.6135355767145065,-0.8805901012835904
54,-1.9111922207945091,-1.9238648968964835
55,-3.1182615722684637,-2.1775290050576945
56,-2.280944671933487,-1.6076697904952721
57,-1.4609537781568604,-2.5388208486094976
58,-1.8113007560418142,-2.116437899627582
59,0.1544412662202881,-1.0526723075598565
60,0.6692779346426216,-0.1349356179887352
61,0.5601951874542183,-0.2986502762345747
62,0.3377801454752973,0.16277841877506122
63,1.5900864767231022,0.3293141152539262
64,1.1667757735251998,-0.7374033851184606
65,0.6697890690893686,-1.7686886532426052
66,0.636156107417736,-1.6125593182990239
67,0.6196024338960091,0.3363926534987125
68,0.16166908154296228,-0.21078622367173944
69,0.7952553281467051,-0.9872522783807525
70,-0.3620581260638446,-0.8484707922222032
71,0.23115488394673278,-0.30365611556183164
72,-0.886738326806866,-1.4621221828940272
73,0.16808524446413386,-1.1977936299826775
74,-1.0843419230766644,-2.442507825205909
75,0.8491935815371778,-1.9351335698763772
76,-0.20380045918914835,-1.0821431689749947
77,-1.620747743497985,-1.258053187864544
78,0.8042614701445101,1.3990078688509697
79,1.8747227232722916,1.9713357292546712
80,0.9180743807971312,2.1490140610895634
81,0.764637795628109,1.3122765959645188
82,1.4486864661978027,1.8858874726659836
83,-0.4799166647834665,0.3143445511768048
84,0.43890524419760774,0.49883101425509513
85,-0.014648499375116586,-0.19326104073284017
86,-0.1292115006323808,1.1400888779106644
87,-1.2079932161433342,0.15855700191947764
88,-0.942198413930444,1.2795614719801995
89,-1.4393387283392438,2.196193749273341
90,-4.135696237574011,0.7124325679185692
91,-1.3916436727698942,-0.13772543457626452
92,-0.7769104124179262,1.6179497700568224
93,-2.143653353861223,0.8083692003526413
94,-2.3278467356052635,0.12449321567219701
95,-1.5458933709710267,-0.43523155970400895
96,-0.9660445753541019,0.7183478979089655
97,-1.8103652033437094,0.4622149489497268
98,-1.9294993015235264,0.4280828480425748
99,-1.7857405851127695,0.5084772900579225
100,-3.613088881380699,-1.5873040730181978
101,-2.0200751595110673,-1.881084042245771
102,-2.5834742645009454,-2.178727156635342
103,-1.6121598497594105,-1.5847168029097718
104,-0.9599201976064269,-0.8492401326401824
105,-1.076870691341468,-0.492249097942701
106,0.9509144868755959,0.22845071236323217
107,0.6841727014410154,0.7226240912534119
108,0.9815637914438657,-0.850052440397685
109,1.1282660757479173,-0.3602089308477
110,2.3842042911305783,-1.339719039337847
111,3.118459863702145,-0.24591986553223089
112,1.989799783630739,0.15227935107668764
113,-1.6165436292064101,-1.0075581140646066
114,-3.3653360244615684,-1.1948957817863157
115,-2.814024609971388,-0.8813901540719922
116,-0.03245641200101357,-0.44460829201657276
117,-0.941551283149846,-1.7371129018782028
118,0.2761658505062524,-2.1954876941931145
119,-1.7890139695379965,-1.812565901371647
120,-3.971282702958258,-2.754217852841612
121,-2.4939878342065893,-2.7649737959102483
122,-1.5621629262075432,-2.256907998619859
123,-0.2664680293419368,-1.9544375300118015
124,-0.728553541368113,-0.3190983302720727
125,-0.6761513403497257,0.8694245798796408
126,0.1306754151946773,2.709128446248619
127,-2.79316922003816,2.2892761336615903
128,-1.9001448495324662,0.9875790070610663
129,-2.6817569851107788,1.1318164047693755
130,-2.358031875186592,1.5457145428910222
131,-0.668522286060744,1.4223541135091513
132,-1.7597656148809877,0.7842728131151295
133,0.10813548062363965,0.3402476338892587
134,0.34934978557628815,-0.1543045045239393
135,0.03924983188846676,-1.1207560479514207
136,-0.1044241700145177,-2.133666325603005
137,1.464391803100456,-1.5789934250983377
138,0.5660110712053683,-2.632121540021364
139,2.6090986863252947,-2.287545121052288
140,-0.014606378243529727,-2.5174012372104944
141,0.9498403119849652,-2.0404335930696726
142,1.0981109644938525,-1.8372625220496082
143,0.9259296953245566,-2.027904157463635
144,1.7405092889911797,-1.2777485047968646
145,2.313634380817237,-1.1988673480061336
146,2.0048271465305514,-2.8175360587295346
147,0.6406389868125623,-0.4378001209584248
148,-0.77851798822289,-0.3341517555318554
149,0.18531232913118012,0.4755543070357025
150,-0.3727811007038324,1.7000385495817378
151,0.4143441037427646,0.2729148849399061
152,-1.196117957331703,1.251207090445177
153,-0.032647441777128305,1.4614708850368379
154,0.6285806817053168,2.371614049593024
155,-0.2854025185400804,0.11710859530272977
156,0.30161764168298744,-0.47197027819759874
157,-0.07899138402667105,0.5291085242900502
158,2.2693645621287515,2.2110516228837365
159,2.082179475585319,-1.1512856202867412
160,2.2232751559170563,-2.2257444342134503
161,0.7307415170786231,-0.7359381262823605
162,1.9912978381855835,1.8150788789142214
163,1.0144412206352018,0.07389146538403923
164,0.20168857174272847,0.6226785131325159
165,-0.6172154401432607,-1.2611875021032681
166,-0.4810002831720567,-0.054761119831208904
167,1.1724033241809517,-0.35232430730979314
168,0.1928468551513579,-1.4568109495290682
169,-0.14871436543329183,0.11166371086357652
170,0.35732232003551967,0.875541182729916
171,1.551312982772329,-0.22506485317589497
172,-0.5183037550152967,-1.320267340225456
173,-0.8767199998416053,-0.4909761562120525
174,-0.04362957593825978,-1.9495334766815313
175,-0.3875323243542723,-0.4165538337999102
176,0.7628738748861423,-0.46799991536253244
177,2.9384007692456735,-1.2321459328426023
178,3.2247350160234336,-1.7884797576005003
179,2.121775226586185,-1.857939408352864
180,2.8643629660163743,-1.003190248721859
181,2.299003742389437,0.5800950544582553
182,-1.0495051821024937,0.007253484045500358
183,-0.8623048081877129,1.7668410313410932
184,-1.8263121221365508,1.6045783370389977
185,-1.7932749195158524,0.7811431609553214
186,-1.2138355481677046,-0.30403250066032605
187,-0.9399151298136397,0.4594543077860961
188,-1.2785751838447177,2.5991272952137785
189,-0.4847080566175959,1.6944879927105088
190,0.41902593261594584,0.3720300002736383
191,-0.6262066124048431,-0.5561051968054842
192,-0.10337574134712418,0.1802864579930366
193,0.4107211583227592,1.2945872509750742
194,-0.4456528821647604,-0.2633859465930535
195,-0.5984969750968542,-2.929177496231955
196,1.5823077468828248,-3.383936073920768
197,2.520816388166979,-2.9859262409888947
198,2.9761808686122126,-1.7057908781739575
199,2.195731953609668,1.7299856183517757
200,0.9136257082852186,1.3397724317717445
201,-0.5686354951707497,0.9730821560111313
202,1.7250603154605968,1.386861851895592
203,0.9528030077226721,-1.697589825986697
204,1.7144567763867093,-1.92690569916538
205,0.6123132200746079,-0.39779264716542495
206,-0.027769657391213842,-0.5717403074817982
207,0.84947972277961,-0.713887008868209
208,-0.9031914171264062,-2.1677233154206865
209,-0.9370204054744506,-2.6122158543989666
210,-1.6234588955202236,-2.1213788822157635
211,-0.6744872948572773,-0.08774392881746529
212,-1.2369719794886254,-1.23622707037543
213,0.13579764284735785,-2.08031545342571
214,1.0113315527745896,0.2791724187835323
215,1.647733267748609,0.2998710077417701
216,0.6455331854905072,-0.1370853552120811
217,1.1991624825718135,0.8053071048034542
218,1.4492851729175995,1.280573218949056
219,2.3680019335562768,0.9769066256136034
220,1.8068816365155913,-0.20204942110588708
221,2.836433990971251,0.7182331436711101
222,1.4408284238079658,1.0832698930087328
223,-0.10838758455224462,-0.4419868994233561
224,-1.3143373629487944,-0.002500532431282787
225,0.39167744623524126,1.6969346983200395
226,0.8840296262109482,1.9245024879336918
227,-0.48091593366565677,2.7480053689952886
228,0.4863969055253675,2.879163642420865
229,-0.2202493700745417,1.8710846920527968
230,0.08022781308817473,2.0901921325609374
231,0.6354182076899011,1.7385666781757074
232,1.5299123563115062,0.9601584277529176
233,0.8821289391552379,-0.25936657372039174
234,1.8411137891973874,-0.5702610354556489
235,1.9130278975950552,-2.357054949765531
236,3.199903851739453,-2.660223562390439
237,3.622848607640819,-3.0722470897702276
238,3.619251777343232,-3.115397370787117
239,2.787456453846194,-2.430873857555953
240,1.570833709392939,-2.0762243254549895
241,0.020540021650558682,-1.407946325641733
242,0.47744950471832726,-0.751435773953338
243,0.608013670682644,-0.43738929919610403
244,1.9238569124575915,0.34558924019916715
245,0.5941095127580707,0.1086345865650456
246,-0.07044217118143936,0.5617100085031494
247,-0.5725741050019661,-0.06920376115163668
248,-0.43892637582882654,-1.323164728241421
249,-1.1185899824556733,-1.3200896576716212
250,-1.3561454906132957,-1.3209012604584451
251,0.23398436680267642,0.14460361890589635
252,1.0383687526134149,0.5107584182283579
253,2.0050510721534165,-0.5780840719180044
254,0.24386462812422316,0.7195189577929523
255,0.48034674289206686,0.9261067186603309
256,0.19185163132849242,0.3641128955537975
257,1.2200152104581081,0.3119642230405023
258,1.4884408943523475,0.5471248787022817
259,2.625615605802826,1.3122854420127679
260,2.0448178275249895,1.2324595991061598
261,-0.9110502500650535,1.7782039389717128
262,-0.17971095154763472,2.138104166322481
263,-0.8190995210706427,3.1615660362141895
264,-0.21351430572558666,1.6866305239562203
265,-0.9946489760760144,-1.1656918401081509
266,-1.9810408614416468,0.393032006224904
267,-0.7522595477410513,0.8885922474253493
268,-0.8190234847219537,0.5063208460971682
269,-1.4269622846471275,0.7284689008518228
270,-1.632700811256127,-1.0649401096147133
271,-1.490660157096091,-0.10511518400815911
272,0.24487292076445222,-0.22542479831716752
273,-0.5860459961761847,-2.434732030837768
274,0.40032339166676123,-1.6800627983245435
275,0.4531533454556704,-0.036100820137827005
276,0.7027645350096893,-0.3227316098320316
277,-0.23201811168963282,0.6928738040981304
278,-0.9437273974734319,0.5495596963935129
279,-0.7829153387839219,-1.60594396363696
280,0.5013486668173103,-2.1321010839100847
281,0.25751958437600886,-0.9870170451761224
282,-0.03964264381164606,-2.430431805201016
283,-1.797154370571733,-0.2742825886125253
284,-1.8496374201073436,-0.5380401128374954
285,-1.7518132264828103,1.258893890904006
286,-1.0231106095836804,0.4831052386585176
287,0.003276563717911185,1.3328395313668926
288,0.5612490356288161,1.9541815608588695
289,1.6879135392200215,2.354903561460391
290,1.1857849845942747,2.8408418698590676
291,0.5607450070304796,2.756770429629503
292,0.6360904666976758,1.3902161047514818
293,0.5940946962332093,1.151405318745582
294,-0.009617436837843663,0.8772300054117026
295,-0.15715440833701957,-0.3263733805216209
296,-0.39313006862018773,-1.2266884475410278
297,0.9138131062225918,0.13508448627143976
298,0.5382946076070548,-0.14528380010566228
299,0.5433373308074032,-0.29543399060839276
300,-0.14775973100437884,1.038933387683292
301,0.7433152129302084,0.7816901001927292
302,-0.8883539318588948,-0.22725475803253248
303,-1.9146603403358284,-0.12322903636965979
304,-1.8902279927150982,0.35627617919707955
305,-1.3314811160658244,1.3094803861282007
306,-0.5520860056496188,1.4826480452854818
307,-1.6400539611052787,0.3728954206815175
308,-2.913142462556469,0.7536364231599494
309,-4.632031537518785,-0.7019944998032792
310,-4.42440972103691,0.41111786457523447
311,-4.958185714816845,-0.5442020868262694
312,-3.366567762667277,0.9893982918508455
313,-1.702032285554127,1.0157019842779524
314,-1.5268509405366386,1.776476472428436
315,0.015924491015711695,1.0861664081003735
316,0.591537898005967,-0.005333333291337228
317,0.8964559439408772,-0.5534131062521346
318,0.28038545347616894,0.6146615155937253
319,1.202920582256937,-0.3645054941236586
320,0.18630979471533515,0.9110799647243885
321,0.3990590173555507,0.37818808467257214
322,0.5823969813053593,-0.49707375881102844
323,-0.20621636495928986,0.7675061771588224
324,-0.36197892269880383,0.6373779478902614
325,-0.06597878564882231,-1.2368731824154242
326,-0.04469707719043378,-0.32167856907085746
327,0.4096074639980307,-0.683927704333013
328,0.7872326734883831,-1.5897583903771324
329,0.27027689575123753,-1.4475005985549136
330,0.83799493256561,-1.219736431089795
331,0.7757215088595677,-0.3339289027858997
332,0.07797112882193835,0.5548046510258953
333,1.1860304717665124,0.4814417535108161
334,1.0421808580107472,0.40925214777251
335,2.051223927224841,0.2311664997602336
336,2.4175637611199177,-0.2348732651163942
337,2.5399988871102015,0.15593524026830552
338,3.053539332822888,0.6626413562196684
339,1.8720229269251605,0.7535452807186107
340,3.652824792621992,1.7696418422985645
341,2.8467458193608586,0.3735872337523901
342,3.348299775299288,3.70937474710123
343,1.8061352858375974,1.5859780621410235
344,2.2426869221884647,1.6109453776433993
345,1.7963266341716488,2.4283065027052455
346,1.9664517387342029,3.6299841735288174
347,0.9394351281931557,1.367693765853475
348,1.6857899089457278,0.2557465127215066
349,0.5784552060437563,0.9597548454386466
350,-0.6162325422203657,1.514160011630997
351,-0.3293056123582112,0.3112360783046486
352,-1.195884133164162,-1.967670470218036
353,-1.7147248047343708,0.19267968414614045
354,-1.5484947991991846,-0.754420247467742
355,-1.4835178050558477,-2.3123496492682594
356,-0.17907621172285737,0.4147879548993094
357,-0.1538552618606165,1.7788181030618961
358,-0.48274628647281526,2.1868210270402244
359,-0.9066259762387064,0.6422271334849826
360,-1.1767033702940644,-1.0508420426007976
361,-0.8759005251307315,-1.5929981192283686
362,-1.935151615202511,-0.31752575011417217
363,-1.177148620599188,-1.0241494284301387
364,0.06912225023263752,-3.1159090069125135
365,0.26321717819333207,-1.875545648300438
366,-0.3977505118767635,-2.305887747883415
367,-0.29931827098313185,-1.629388672365236
368,0.31189050259919965,-1.324226073376925
369,1.3652433651805738,-0.4195725797091877
370,0.7427952064213479,-0.7065347757174638
371,-0.20712035198994994,1.2422257386368738
372,-0.4357938661556795,1.9293566178137629
373,-2.854927868740147,1.1018766593291727
374,-1.8176074142504228,2.0366120008723976
375,-1.5187032339929563,2.931280286548489
376,-2.3262052972452243,1.9065025614219668
377,-0.9665472907841971,2.0485017484048393
378,0.06493340357379629,1.9476494729682197
379,-0.46654130563838264,1.2176155499338048
380,0.42386212149464275,1.958381165419934
381,-0.14655966411926452,0.9249724300424836
382,-0.29833312108396765,0.5569158614022609
383,-1.0096446419891858,1.0383211437015014
384,-1.3674408946096257,0.5573324827244668
385,-1.5984447793868544,-0.3546432472102281
386,-3.102062674523963,0.2875607183411263
387,-0.9959282794673587,0.7994614934095337
388,0.7100077103225373,0.8443230479913866
389,1.35908716340764,1.3870723272126892
390,0.22697052383651972,-0.7493763354650607
391,1.1024904965112274,-1.6898416250996076
392,1.0097901580644035,-0.8942427407591096
393,0.44860720359190437,0.47333484708960616
394,-0.995777190521384,1.8562497336423494
395,-0.9148408661459159,1.9461269686054672
396,-0.5116299063678358,2.2232659678041298
397,0.008824836601807606,1.1221934674647347
398,-1.2185498617750068,-0.8900541924358161
399,-1.2548214319593114,-2.285299031006306
400,-1.0740987724872209,-1.06232053417407
401,0.13706537782385064,0.11720188949725407
402,0.7022227203692035,2.321130829799786
403,-0.8062637876156127,-0.25746565912421815
404,-0.5776141080961554,0.9050824293916075
405,-2.6067414247435425,0.9120481853033995
406,-2.5350436695964222,0.28603553422052846
407,-2.1017267947996436,-1.0055612675297767
408,-1.0685902642596599,-1.8946484779960158
409,-0.9982156345374837,-2.5201994363557354
410,-1.1275850953659852,-2.9127147069813173
411,-0.20466117249887128,-1.99419258204654
412,-0.7068045879746451,-1.0596636842568694
413,-0.47248518875355155,-1.1049411056392593
414,0.43039555116874284,-1.96070389622291
415,-0.7099771017621475,-0.655632961268311
416,-0.8094968047839421,1.9907471268808337
417,-2.3433158405107966,0.2798753226264461
418,-1.7174880073738392,0.2012332096973718
419,-1.4829002323123321,-1.2304625897169552
420,-1.0017353446311188,0.7402705810569878
421,-1.5362239914762852,-1.4997765525619549
422,-2.107895507765822,0.28181891220852107
423,-3.4324114878744583,-0.9446392597639149
424,-2.655242193565349,-0.27843554211394184
425,-1.717561292474814,-0.5253665845657611
426,-2.630211661429371,1.0247818206910084
427,-0.20565879420567046,0.019240613953960817
428,1.096833626458068,1.4350957791018197
429,0.3952111379626896,2.1959457034024203
430,0.1747073612840074,1.8799416589665237
431,0.15824058749203435,2.2981392384414647
432,2.4657648402710763,0.8127976102813652
433,1.3529401561555552,1.7839351139817623
434,1.1115585423006948,0.36113352895764417
435,-1.8025914659384217,1.0319954536726963
436,-1.981669129229875,-1.209438614392144
437,-0.6968736992934373,1.5041979593957415
438,2.0803949425141353,1.5616651842357316
439,2.4789467112647294,0.08314203076659243
440,0.911981829447178,-1.3212971119741488
441,-0.46711438040758424,-0.5007884665806008
442,-1.256208025718987,0.12673448709408086
443,-1.3578909995273871,1.433699641713237
444,-0.5008250816472258,2.5951519970590278
445,-1.1798012871311876,1.1953730399550921
446,-2.152607215735422,0.11139857141833553
447,-2.760913299622473,-2.9206337421226656
448,-2.283570035686766,-2.1315145466619843
449,-1.97062916081412,-4.033233793805419
450,-1.0650010405791397,-2.793086501063549
451,1.076613985208238,-1.7645575982644321
452,0.06836156341329402,-3.9005730289977922
453,0.3953013074998326,-2.6482879872757326
454,0.16883955189742267,-2.4310632217192
455,0.981227774760606,-2.2542552005978513
456,1.3455111809648992,-1.5465022884165345
457,0.5477477159054169,-0.9941088372086134
458,-0.7184943093777159,-0.049673250148954295
459,-0.306336726039637,-1.4412322654879528
460,0.440301588546439,-0.7578749668251586
461,0.13466078414174587,-0.8377535292793377
462,1.4653196762249705,-0.4882963883138562
463,1.4295803546811923,-0.2574620412372265
464,0.5219485447211146,-0.78410142075647
465,-0.2291842908409658,-1.5238790127722712
466,-0.43791910742645723,0.032375318074143955
467,-3.458149060752192,1.2088493273892154
468,-1.0753582776593227,0.42089017460016215
469,0.42954822992550223,0.9211322754831286
470,0.8162805678779415,-0.19172742932970843
471,0.3422106591897247,0.9549291993181622
472,0.5484714889087776,0.5457430962717602
473,0.6767111565059418,1.3159412519397433
474,0.022253576659700902,0.012404414742102854
475,1.1531581434877922,-0.4226470057677265
476,-0.24294527575751224,-1.446819779781546
477,0.23929691753264618,-1.4907452057547865
478,0.2535888519166808,-1.4716516986713326
479,-0.4388815288396726,1.2566895741410353
480,0.01603319412939469,1.7657427450401966
481,0.3077129404887294,2.2857161484910637
482,-0.03384758509974861,0.8159206088187678
483,-0.7491333488558163,0.09352097567740347
484,-1.7286679377007053,-0.96034820209853
485,-3.3899066444705825,-1.0374608995178307
486,-2.297452848701582,-0.8861490978130473
487,-0.6914473018202281,-2.1548764468670187
488,-0.3827156202660239,-2.0375240930434213
489,-1.246339290891504,-2.1710003946308274
490,-1.7788824644007102,-1.4743441240763533
491,-2.904199633215017,-1.3869694369261496
492,-2.5149382893963876,-0.5198833434486563
493,-3.280958945733591,-1.677374390910846
494,-3.3531127093913304,-1.337860134242377
495,-4.248502918633962,-0.29404811297096833
496,-4.066843905040131,-0.13601961350474526
497,-1.983649840795225,1.124347889784856
498,-2.4297544415336882,0.8353484416864013
499,-3.3405835326393767,1.4055879364774027
500,-2.6658549657360986,1.2388458832697677
501,-3.308039741149371,0.2800366378140141
502,-1.7897538996123077,0.7385114063167542
503,0.08836975676509917,-0.5224597538792208
504,0.6099277693835553,0.082261700553723
505,0.46230776210941965,1.402559367712021
506,1.2192983958085823,-0.5467671872063229
507,1.5844525082829612,-0.9272829961176314
508,2.1168245593703876,-1.140090830386714
509,1.503034374422205,-0.1360139901029941
510,-1.8602801256380082,-0.1462617839287151
511,-2.164374943329133,-1.216597189620462
512,-1.6264742557887475,-1.0387642173828824
513,-2.6760681320358497,-0.9121513494507786
514,-2.036983822214001,-2.4236580137519
515,-2.999809210172362,-0.9938315651693819
516,-0.564103523556758,-0.22627696192811875
517,-3.005350076256826,-0.3251734414609136
518,-1.747463016302623,1.5971295820291251
519,-0.08664825899940531,2.8878636290632596
520,0.5723608619065161,1.5294227404993808
521,1.2181097810380699,1.9332220447677497
522,1.4873889079082647,0.9371243566604488
523,-0.5222494840539205,0.39437847010157107
524,1.305491840760773,-0.4365662283646728
525,-0.36438739985062374,-1.2427972337277842
526,-1.9532083276945658,-2.669088256147127
527,-1.5581331961184903,-1.5139099322273137
528,0.2626274526992656,-2.010110165994001
529,0.8992407559751465,-1.1152471837688662
530,1.0398064039157444,-1.1404089753020192
531,1.1403628515822295,-2.2153951230396767
532,0.0876749082278474,1.53720553156574
533,-0.8880056067313399,0.7581333691533974
534,-0.8370254836671264,1.1716084910024502
535,0.14845121732797317,-0.47493652449157886
536,-1.412644977034816,0.5363949178299221
537,-0.13331509822760523,-1.0127026585817611
538,0.09484747690152961,-2.016269181841887
539,0.7931705754095537,-1.2622507922997046
540,1.0658246519176462,-0.5754683098244919
541,-0.3578014453281968,0.3726005698150698
542,-0.285270016244768,0.010240630579948173
543,0.5611267868184074,-0.30973781240205334
544,-0.11919995446404552,0.7882233109704979
545,-0.8633118734525702,-0.22240268741457592
546,1.3761769100915524,-0.25483997910711864
547,1.5311536470187472,-1.0275450784897255
548,1.5472706469318416,0.17392255663753453
549,0.8191602886057702,-0.27869421360894564
550,0.04966263586580533,0.4727517668516186
551,-1.1928433462802555,-0.4216487329503005
552,-1.4002540215074575,0.04119185086858512
553,-2.147284919536589,0.2349385525938929
554,-2.2818178786377183,0.5529089093019331
555,-1.532350232800698,1.3242952817591434
556,-0.9438039289618172,0.39008906397886045
557,2.6023713339546024,0.8490945384573555
558,3.178916943230317,-0.23289375421058844
559,4.458755622154851,-0.9906524061650126
560,4.11414560372215,1.4273997783282997
561,4.22511125770604,0.09194188177497076
562,0.9212704523524557,2.0587676011471068
563,-0.4043446551709482,0.24245359267727484
564,-1.646991759679461,1.6487564692104018
565,-4.029781558258204,1.4499057552439576
566,-2.5333479665342455,-0.21387915830360282
567,-2.7348884448931496,0.2549713519670889
568,-3.6618169006377457,-1.4284382240531848
569,-2.7797552337907443,-1.2680496134890737
570,-3.233470486683826,-1.132787936465028
571,-1.203104434823016,0.95000655157164
572,-0.33542989935080003,-0.28368391234889845
573,0.8430412930371177,1.1308225591741832
574,2.387082059685239,0.681037442064979
575,2.231705047369817,1.6440871662770433
576,1.6715423470221202,1.1919108917079553
577,2.4483362819025754,1.671184641966781
578,1.336078614488454,1.214465280321866
579,2.525683771362462,0.8162473455693298
580,2.0982793069056136,1.5905610618318313
581,2.0297809964284954,1.0676505637177447
582,0.13511920136476085,2.615500574822151
583,-0.06594517321058,2.7376707962380897
584,0.5122895677238374,1.772282782156363
585,1.4721276469585047,0.47795459488073033
586,1.7124139106522729,1.009106014651016
587,1.015969887470361,0.7663967639834202
588,-0.30227865690330624,-0.7967590234610322
589,-0.6860648579457787,-0.8557133433941055
590,1.4686739787714096,-1.4593754552688414
591,2.058547370092567,-1.9102163482810224
592,1.971198744042855,-0.931507523743594
593,2.3544953808240052,0.34274605487940024
594,2.8990318677620968,1.2047154839425747
595,3.8440183754600383,0.8975409315296398
596,1.3796084497384278,-0.703697771755599
597,2.543399557649517,0.9094636829574687
598,3.3424311760309227,0.26644315841190036
599,2.8717336213137523,0.07371079330911329
600,1.0758470384704426,2.3413019032720364
601,0.2855969856387581,2.8226638911589212
602,-1.3892531855528776,3.134444376091179
603,0.8113093012531896,2.362230472847189
604,-0.43016807319733397,2.475429557811877
605,0.6711426584208601,2.5889732627378668
606,0.05449351424669191,1.9579203352930246
607,-0.5553946741956961,0.17827619489992053
608,-1.697056114210483,-0.22140409328090344
609,-1.733319476636695,-0.4243824162058815
610,1.45456602889909,-0.8408594576008971
611,1.757900142979658,-2.3340242967774505
612,1.4565347399450952,-2.3437953634467426
613,0.8569610907501053,-0.8123414052645443
614,0.42905980152365086,0.2555129986381126
615,-1.055523696746817,-0.35204514052982216
616,-0.3971428548264099,-0.07737688995846195
617,0.038816998206010034,-0.7286746608547097
618,-0.30170304867343223,-0.562586347551875
619,-0.2662999463625584,-0.014739229386271036
620,-0.5873165781553298,-0.7576711269075742
621,0.5709919616133842,-1.2149054404586634
622,0.3163415013234479,0.32800939240025384
623,1.682533703111719,0.30557719919334925
624,2.5881158137577787,0.4187945792903388
625,1.8045681702742222,0.1495781710369763
626,1.6455932189445706,0.6656026880481432
627,1.7668686764180292,0.03393689485526419
628,0.7249228964074643,0.25597668451394595
629,0.20290830545240823,-0.5890324181777696
630,0.037432950649555596,0.01665417217826054
631,-0.7609558296542644,0.04696133519946429
632,-0.8921853694093488,-0.06829278309891591
633,0.24238380269029658,-0.06543442147108441
634,-2.0952081770096,-0.07477085446257759
635,-2.3460306701191067,-1.6756543263548416
636,-2.443174800877231,-1.808850740685883
637,-1.9535712963960117,-1.023634113348871
638,-0.6179460355442186,-0.06818033683056823
639,-1.0710999697617458,1.0042824681252034
640,-1.0806232838296863,-0.5782355026498858
641,-2.31695098451078,-1.4263180893961631
642,-2.9569503986572054,-3.3973336260285696
643,-0.5228996281811158,-3.5573659312281505
644,-0.7791792174273906,-2.1270404483132612
645,0.8124325854290435,-0.7531863106380347
646,0.5020385006549506,-0.8910637694695904
647,2.350922962879076,-0.07297411433323353
648,2.3514157528723265,-0.23798920263090298
649,0.6426588705831429,1.3579395439899884
650,0.6499684352267049,1.9347255969668238
651,-1.4445925458590825,1.9378967645459833
652,-0.5126300791186376,1.3238867132960872
653,-0.02798088200382398,0.08792161305588075
654,0.0001510421279109879,-2.050852568749529
655,-1.728521651071136,-1.0644975730096151
656,-3.514605593384787,-0.5548728813974416
657,-3.343142382224696,0.8216443908776984
658,-4.377245755113504,-1.2284691780173351
659,-2.053535375454576,-0.49854928325409137
660,-0.6396032370678832,-1.5532206274496443
661,0.5975006470285024,-1.3474047212812226
662,0.01662665941021585,-2.0804661334353507
663,1.0116046666428218,-1.8826108097653127
664,0.09151083696331674,-1.4422927290367633
665,0.25121572935202263,-1.137828736819869
666,-1.036586253372975,-1.863058999482566
667,1.0916797683788202,-2.1856857534415295
668,0.9935210445687827,-1.9121694479745992
669,1.2817961190242988,-0.4443381841931704
670,-0.5106513805758985,-0.3021290611117991
671,0.16807277044148183,-0.9956389215910404
672,-0.30202756696785926,-1.807979632074347
673,0.882670540214819,-0.7448543793207425
674,0.2604709295836563,-1.251240938886688
675,-1.0249002881343579,-0.7264847977581438
676,0.7692584642161406,3.055308668188536
677,0.8249249516055975,2.060866067074196
678,1.4575509171018781,1.3156581267501168
679,0.01653324302496717,0.9783845196462277
680,0.20129640156276274,0.7463657442622211
681,-0.8655923783304884,1.38161313225514
682,-0.06666173907499207,0.24203931672807477
683,1.2061250937174948,-0.48967533073080666
684,-0.015035663913632313,-2.233748350499561
685,-0.2501981975191844,-1.9718595341824958
686,0.7676055470612101,-2.5805512316983146
687,1.1821757622549849,-0.48742562155556435
688,-0.11985602206585233,-0.9668258024611153
689,1.0161429896954413,0.024617322830125965
690,-0.03804013349538049,-1.5980424377814155
691,1.1146007478011781,-2.839314798707301
692,2.0388843850025435,-1.6416472105760236
693,0.8472170258298742,-0.483229553619953
694,1.3790482531818649,-0.6320882706986624
695,2.8240512136302076,-0.11985556409389342
696,1.9753558138501708,0.05389921135245421
697,0.9133187124415819,1.4124223765756525
698,-1.467057935172327,1.8139076017384355
699,-2.120322634978555,-0.5005201652833426
700,-3.367155405942304,-0.7647537985298344
701,-3.739873089575201,-0.4926563272973041
702,-0.8109440163474702,0.8750285299281735
703,-1.372461561762206,0.09692778025555737
704,-0.20400644601422935,-0.7424367446063885
705,0.4980370354126493,0.6796502782741897
706,0.06580947440896912,0.2763377382209933
707,0.7155484248685349,0.6667622082541018
708,0.2104885342083475,0.4196232639204401
709,-0.8084433827579014,1.4178362814526535
710,-1.6215427766711283,2.6407371514356637
711,-1.9406824432268723,0.5485027978076871
712,-0.662285832851578,0.40834850892471564
713,0.5569764983279615,1.8144731795547728
714,-0.29946567398697727,2.1868755029200697
715,0.7250375038499202,2.1660823100320408
716,-0.6119384069734524,2.592318657015033
717,0.28448574511321206,2.8155270742422864
718,1.1654450221471908,2.1333128375858674
719,-0.1307547036411687,2.6540794155426513
720,0.4361236923178085,1.183651212017272
721,-0.6226417207804433,0.08465349349481233
722,-0.3948268297376515,0.23609674660018223
723,-0.3873915097194026,-0.6678720244546876
724,-0.45650212579806076,-0.41333216250026183
725,-1.4502466884066483,0.5213779949789569
726,-0.624919156356311,1.0101878614188728
727,-0.9635411854201754,1.242257816470546
728,0.0590079375526541,-1.0693006564449545
729,-1.3518692638334058,-0.27881327348894425
730,-0.9081555289105205,0.8526314387064211
731,-0.8506468154670201,-0.4061067151576154
732,-1.639686305143766,2.423864364905999
733,0.658633294420176,2.832995911188733
734,0.22031429609812891,2.757324735825631
735,-0.29712974076255527,2.2067377332645464
736,-1.9336644382916044,0.23289008850799986
737,-2.631357995063923,1.3962064811790578
738,-1.567561862663029,3.2545094865618873
739,-1.0545485987926289,3.4202887512552285
740,-0.8856309091637522,3.8220622508618147
741,-0.386388372111399,3.6732625839548008
742,-1.5857621895000578,3.766494109320748
743,-2.1716748536531476,1.807257078929689
744,-1.2090036737974006,1.6248684611430573
745,-0.2577348990899787,-0.21068022210464243
746,-0.6427030487900182,-0.5583727119124624
747,0.2062959709652329,-0.2517143904453387
748,0.10279262038611821,-1.2925194737802115
749,-1.2848952192927168,-1.4142998589110052
750,-0.054451251323450856,-2.3474354222463667
751,1.1728893229423312,-2.4844661290074916
752,2.632810586257005,-1.730565670901397
753,2.240208555091144,-3.1126873818891854
754,1.6048563549976247,-3.284144505648263
755,0.559897478225085,-2.7899980953879915
756,-0.24358221148115672,-3.112738707258501
757,-0.821207225232776,-3.7650629153039246
758,0.5269900368631526,-3.2702626663198133
759,-0.08325816209814468,-2.5609179718267385
760,0.07554447793595721,-2.4691610265329844
761,-0.2774116467962071,-0.6963668519244188
762,-0.6492069807605882,-0.3298758698661155
763,-1.069703645823953,0.1471821663999242
764,-0.9736359308316285,-1.732497828654882
765,-2.7588849526809156,-1.0290727396442787
766,-1.7624796805153218,-0.4816714390895348
767,-1.3528205193004512,0.42584991376403214
768,-0.0244604062011754,-2.2657421067499444
769,-1.5406437977808651,-1.1941270270374753
770,-2.883680740689197,-2.329967199941978
771,-1.509040030944884,-0.7201272163643799
772,-2.047479999140715,-0.9308920072560112
773,-2.312765733153017,0.2778729841340465
774,-2.2642995783534614,-0.03808694915813329
775,-2.9894076404814913,-0.2922513947487687
776,-1.5507378055848493,-1.6712605522935846
777,-1.3999929322421567,-2.2366028994257645
778,-0.12025153595450022,-1.138848838355039
779,0.8965986537648081,-0.6550463741125673
780,2.3909345687516903,1.281855751940125
781,1.1310484325984902,0.4501548798155548
782,1.8871957342596988,-0.6731334128347639
783,1.3464556023244105,-1.522130012050333
784,0.8415397016472184,-1.8226666158204545
785,1.2924257793625373,-1.6538703674590303
786,0.8769795872623185,-1.0936130305098326
787,1.8673632504688957,-0.5526289122321499
788,0.1538967995635001,-1.1779340499645088
789,1.895745534474734,-0.8903100508775461
790,0.7609655666413058,-0.808912144155765
791,-1.5402649760543903,-0.18126701457902866
792,1.266591210453083,0.32339060322077695
793,1.4855680804476523,1.315032981891339
794,1.4445596206870401,2.6883979045453037
795,-1.3977724984801778,2.4447722906117884
796,-1.3985719720668377,1.8242705712594374
797,0.09910056767425157,1.1227572741967669
798,-0.11162413641347899,2.6214745740105245
799,0.48865755297482183,1.8428927213062833
800,1.3276460474061462,1.5864790157821205
801,1.7050456850142577,1.2200659050751947
802,1.2359399780760707,1.4198988980943896
803,3.0843880782882316,0.5918066904966519
804,4.115741512403666,-0.9106062217029587
805,2.80516960919546,-0.30799668739651453
806,2.0305822345726643,-2.0906400677952868
807,-0.5743046384312143,-0.7293156591974382
808,-1.163653471785191,-1.885604259671135
809,-2.160568461538973,-0.9229847967461454
810,-1.3064550457680932,-0.5144811743817382
811,-2.5931971773423372,-0.3164027433347008
812,-2.2501136889197717,1.0501948863645811
813,-0.5370225417687926,2.2091829451875435
814,1.2321306772138227,2.2018655441222146
815,-0.14638712778267648,0.9900256920105347
816,-1.7068730180048477,0.056038503246659155
817,-1.7697831319117376,0.850110820758824
818,-0.41145519995193813,1.735869432534819
819,-2.285592652332494,2.5244569913099424
820,-0.9715417212742925,2.112891932811989
821,-0.049002386157558364,2.1358133412756404
822,-0.918278772328305,2.2320465139609853
823,0.5894196895100421,1.9498153640489104
824,0.742035917335248,0.6343007369836117
825,0.977120730441548,-1.6638631574786173
826,1.8796288697995687,-2.693246105768404
827,1.3616246673653343,-1.8734933246823777
828,-0.6982119509281199,-1.1810005255949445
829,-1.738768564241633,-0.1720027717614363
830,-2.1597991074964225,-0.5863193949658535
831,0.1488579254431388,-0.13605703683912845
832,0.12706316855322317,1.5189154701873107
833,1.447752687258726,1.0424514036571528
834,1.2622600069117311,0.5055119223584246
835,1.4509188645261686,1.1082955457634571
836,2.3135321233750954,2.8020233028972834
837,3.1300532717011125,1.0558660028402422
838,1.892033493123443,0.39971995363603174
839,2.262923599061726,1.06545484803906
840,1.99721599004388,1.299979767260846
841,0.7802831153252379,1.2065682323266562
842,1.069269847047854,-0.14991642568477914
843,1.6984380483604866,0.5051357062397569
844,2.2621780445957524,-0.33127037998590203
845,1.7709732334013388,-2.3798288274026738
846,2.495702250498206,-1.482148623157832
847,2.6776265702222615,-0.5475569950665944
848,2.223313935771604,-2.3124623647718794
849,1.1307732300201159,-1.3597054335223222
850,1.4895130346088288,-0.5626226678406934
851,0.1692721072814547,-0.4492739521165885
852,0.7474451773881124,-2.9125500450198594
853,-0.013328128250761906,-0.45256492540175564
854,1.9676591093307414,2.055658599076053
855,1.5013127469653562,2.1937034479315773
856,1.2088065031076263,3.6862579470977295
857,0.686354832897412,2.066070855376191
858,1.0555628285949774,1.946951061611822
859,-0.12489659776930595,1.438310797372429
860,0.8482119678330475,2.619346160731034
861,1.1431594950714574,2.628937856762549
862,1.0515588404680174,1.1946545496538534
863,0.09671806164591301,0.7394793547453148
864,-0.6367586188980671,0.761201805459194
865,1.26217304466063,1.1253172026257838
866,2.434516720512025,2.8862924862947867
867,1.4775417283299799,1.1449316766329882
868,0.016323427630868137,2.1468431710070472
869,0.885642603852848,2.2518651077346816
870,0.6004531181239886,1.0600877279779124
871,-0.3752240699380941,-0.07270399929897031
872,0.41936838708782465,-0.5752434804848714
873,1.3066954877340526,0.46494487266317175
874,-0.08879611344076732,1.3272220795241734
875,-1.1842612214296488,-0.4602446550224487
876,0.17725803894283954,0.10462928870383531
877,-0.3604246955876814,-1.532518617865095
878,1.2422031755868905,-1.2915158245615252
879,2.494487565779873,-0.6555123770144444
880,-0.5200519837989603,0.7926649166494324
881,-0.2060829167772638,1.1570725320718402
882,1.3373088037191416,1.417673291553712
883,2.0195399392943383,-0.17392850559594764
884,0.31183588328270395,-1.0337204955681067
885,1.1489845325579473,-0.4447615984116488
886,1.078974993017562,-0.7766018205106724
887,1.2645977858172408,-1.6830197415473949
888,-0.5285956748056793,-0.45690711500677683
889,-0.5573093344142004,-0.11917525336993218
890,-0.5374290580131629,0.016800583220418525
891,-0.3925693515169833,-0.7504376587814454
892,0.04176536696506672,-1.0121924821951431
893,0.13725671498625963,0.2860791323847234
894,-0.473164047973646,-0.7778686574511391
895,-0.004238553746013396,-0.034496848640221844
896,-1.5412613947987606,0.1557208926332485
897,-2.410591700810844,0.33672382285868047
898,-2.8075435105040785,0.31360933691243637
899,-3.3138494093091966,0.9015200229941295
900,-1.847556355407764,1.5494569782006962
901,-1.3312505942873158,0.07302750648783163
902,-0.1131838867827375,0.33560153332953757
903,-1.5487149457328524,1.502991492633246
904,-1.4629996860896224,1.2884957769374796
905,-1.1476669681612892,1.7386874544786628
906,-1.86920213931044,2.5990726379154374
907,-2.1640493224664192,2.074962012155423
908,-1.565807243710088,0.32230402103442035
909,-2.4831431012984466,1.3440980232009427
910,-2.4587394795155655,0.8345408175192482
911,-2.1652085027491985,-0.4064848859696809
912,-1.8883105222191185,0.23716669359317621
913,-1.9938929875296647,1.234329701265782
914,-1.341064190247716,-0.6080382251074148
915,-0.08810440583312495,0.21118402666551978
916,-1.2353179376106065,0.10227829285757814
917,-1.1309471553159574,0.1594878948895057
918,-2.1404726794563453,-0.7524916101954295
919,0.0023438439982605974,-1.7064300809436046
920,-0.19713107036383878,-1.865107925879926
921,0.6051307593998625,-2.1655409748082226
922,1.5417282201361049,-1.3365946338875492
923,1.8716872976250778,0.3833499661087598
924,1.2918526928488758,-1.483891560721641
925,1.7362242840384594,-1.3781317544235832
926,0.13281902005160529,-1.8546484421400997
927,-0.11526473992364386,-0.07708688610849745
928,0.771304465458817,-0.5493863737679492
929,1.7070610236016917,1.4331754626107607
930,1.3951486217852151,2.8153182192862536
931,3.125905828422754,1.6530431199645947
932,2.150020868654245,0.40513079205348845
933,2.1977447449164544,0.05609947944718835
934,1.5111827234697848,-1.440288509162159
935,0.9025940925245759,-0.8507129632106714
936,1.960690656614333,-2.868541066686768
937,1.4133946033600202,-2.3197792898568963
938,2.7723446419682793,-1.5744291526408154
939,1.9933986786156843,-1.4053860605161326
940,1.7447863607599536,-1.4163591367634938
941,1.6516343688197446,-1.315812842801965
942,1.8423705298221353,0.8223104308729707
943,-0.12304152219115916,0.8040136133608777
944,0.04248843445487133,0.10734954736651492
945,-1.1908372578620674,1.0829274119077765
946,0.9613376881489745,0.7149965450432231
947,-0.006881100156998721,0.9212031736084383
948,-0.4458852360391615,2.281561415417117
949,-1.064449177398457,2.84159655193418
950,-0.836453703705463,0.922604954126881
951,-0.5845848703613166,-0.8643360303017866
952,-2.608969089827836,-0.8260599673023166
953,-2.8992060841596814,1.253943465769867
954,-1.3328552015618018,0.9158719550841237
955,-2.3165749257206243,0.03362272698898394
956,-2.2825075003480615,0.38311133404497477
957,-1.3836038933206414,0.5422824879336171
958,-0.9292130761708591,-0.753830443032974
959,-0.7173896757333424,0.5672130275081009
960,-0.9460840230801988,-0.31831188758412765
961,-0.24566324239368453,0.038455205054793634
962,-1.3148004168613672,-0.2725575246840541
963,-0.739432079450763,-0.5689839119359488
964,-0.2696914264690951,-1.0677074088756884
965,-0.101340014574632,-0.555358318462025
966,0.20645357495823152,-1.5170487032147557
967,-0.25808614221831544,-1.2966881103647407
968,0.17787013473989344,-0.44796755285189305
969,-0.7510063869238488,-1.7727426867594462
970,-1.9757227312197374,-1.9428695855686264
971,0.8827758652083493,-2.518963195406478
972,1.1655681205520951,-1.3589584602166593
973,-0.021671375010884675,-0.6783220255705407
974,-1.9743504068842026,0.9990109321731737
975,-3.1165366729019732,0.47379967333486
976,-3.7419259014680915,0.4270678065421831
977,-3.1771836546745225,0.5923232105921139
978,-3.4535676728045965,-0.6821930092012527
979,-1.9345955760577116,-0.40807027358593195
980,-1.137798310595722,-0.8367390140526422
981,-0.5533958911757556,-0.6483600278035415
982,-0.38223454474836305,-1.1418248204125176
983,-0.07228829068901765,-1.0868189567119526
984,-0.25412515049286977,0.24368828669895715
985,-1.3915570919538933,-0.6173896833958069
986,-0.9656206296529741,-0.5791768176681693
987,-0.5132754028350545,-2.0136789906151824
988,-0.46775056442348,-1.6399859478186531
989,0.5320983122543796,-2.141477020553271
990,-0.08270172751793448,-2.066679629559442
991,0.7800615835880648,-1.3764848624001143
992,0.735291604092304,0.7299873806447539
993,2.252834624713527,1.2540989033601286
994,2.7478805077334503,3.2717392848784144
995,1.387226263198674,1.2953057640127752
996,0.8484065496732143,1.4705853489308947
997,0.6585519849940579,2.041146215506275
998,0.07426295683833678,3.3344567667954648
999,2.548151670239278,2.771506138431494
1000,2.3489241514743777,1.3141703150152528
1001,1.028646572685195,0.4215770031720235
1002,-0.764201572721997,0.33730797263700374
1003,-1.4084208500415856,-0.17820394235334053
1004,-0.7779568011429283,1.2230876536303428
1005,1.292710006725031,2.662212900741052
1006,1.642837668894005,1.1227334824674604
1007,1.0876775892952635,2.4264259119387175
1008,1.0964778114675928,2.441505476053426
1009,0.9334713557580431,1.4660335472319694
1010,1.7855988166155368,1.0507774975108692
1011,1.3133685623598046,1.243216944398564
1012,0.04035106895619778,0.4174384402437614
1013,-0.07806980336367701,1.3506932266549148
1014,-1.0599310445107748,1.095046485202186
1015,-1.0599066943502562,-0.08932805214790007
1016,-0.697810557055994,0.8117513771650058
1017,-0.29851179936340255,-1.6251698375374335
1018,0.13882556482199043,-1.6578208241882884
1019,-0.7403003686637499,-3.0504386542951476
1020,0.11560436366256166,-2.21491401722045
1021,-0.7644726022008969,-1.456797332743482
1022,-0.48142187041076884,0.5718716331439913
1023,-0.4686041882098033,0.421071150252716
1024,-0.010875000725619977,1.7808252859944327
1025,-1.453598988482356,1.3444323932341533
1026,0.4961903880630225,0.3747171543161911
1027,0.6295984442741256,-1.0477363154861947
1028,0.574271324334174,-0.6375406907428075
1029,-0.12423751957960694,0.1947510163818026
1030,-0.3680593586234471,-0.7044134199087997
1031,0.3228965829439485,1.2186000613974781
1032,-0.054846149190713844,-0.31387991003914706
1033,-0.9376988775768074,-1.7594949970877698
1034,-0.34564431278352103,-2.4146007730363364
1035,-0.8271237622296034,-2.3593066635977187
1036,-0.18998351484535275,-1.6170299730313202
1037,-1.7492366817090532,-2.0865996765452253
1038,-1.2890015806398942,0.25030283572708134
1039,-1.0397379362363897,-0.03371568023459709
1040,-0.8115608241599782,-1.2600128004781674
1041,-0.9108110739277859,-0.15850482646444142
1042,-0.6954117913925678,0.6707595621611275
1043,-0.6077381061462889,1.942233926492907
1044,-0.9373653197018604,0.24147094930871016
1045,-1.1064933429121269,0.5089516379642467
1046,1.0282581107547186,2.104572300653008
1047,0.8814215048908003,0.09430796764754867
1048,-1.0043205079233326,-0.28418436704695277
1049,-0.014312032536345276,-0.28120782282384704
1050,-1.5388629072365496,0.5613803876635612
1051,-1.2709436589177294,2.8109439589496628
1052,-0.3947056146199779,2.686430341344756
1053,-0.3988342244025333,1.4101800442422725
1054,-0.2827444967545872,3.1784174039032043
1055,0.4098260785435617,0.3373951424759354
1056,0.03850385492159336,1.6253289617138145
1057,-0.03587164509675221,1.516732489738141
1058,-0.40121878081058043,1.069583830159792
1059,0.13933619539107334,2.4560464022871384
1060,0.1258189178759421,2.6725996871146194
1061,1.0418581042347195,1.759525293728558
1062,1.198940874935278,2.3134121237475544
1063,0.40286843733571787,2.0374991658167243
1064,-0.37146775095125245,1.4686363233067075
1065,0.12929716291252902,2.1633186881951723
1066,-0.3326063363347109,1.651522478782586
1067,-1.8189019228406567,2.2567314916801084
1068,-1.3492130595511505,1.2346007977215456
1069,-0.2879136528020486,-0.6350166279017474
1070,0.049337715705431856,0.20853720338117865
1071,0.780826720952944,0.3132415571359378
1072,1.2161077119569674,0.8386035414918663
1073,0.2558775995455653,0.8061186936613582
1074,-1.3642449547937743,1.73384442359974
1075,-1.9010140773633126,2.5857254321321825
1076,-2.1581634753763876,2.6731116722246457
1077,-0.5199234191952979,2.1526236469419837
1078,-1.0531566174779337,2.0952642411202573
1079,-1.165025707725252,0.44740255905893767
1080,-0.3041869272789841,-0.22681956979636786
1081,1.0789193432257609,1.7718281567253518
1082,1.6802486193448063,1.1742052216377554
1083,0.9675971612903843,2.2002344507316014
1084,-0.9611920183441399,1.2740075109849343
1085,-1.510441309182442,1.3183871929468598
1086,-1.852700969611076,0.48127781663329794
1087,-2.6009414700071147,2.2271230576359606
1088,-0.8428114897967605,1.65650741355188
1089,-0.43512676445311327,1.2431390983952706
1090,-1.846016160587192,1.3201494133810983
1091,1.3417076957502565,-0.4849710624037342
1092,2.0823200580478654,-1.2233232731390289
1093,2.8660643368385856,-1.3666805214293334
1094,3.1464347971115885,-1.7658705056561639
1095,2.584498095500182,-0.7223436906969941
1096,1.0891292832051835,0.9164681249568444
1097,1.0750637557517768,-0.20171561399072502
1098,1.0139211562644364,-2.0381269178233623
1099,-0.78106348673976,-3.554081215555166
1100,-0.5254082961470325,-2.57651980618835
1101,-0.41757176771894805,-4.375463706851947
1102,0.6303139022953841,-2.770835580090141
1103,1.4970255090832447,-2.3496358212148216
1104,1.8760495029564013,-0.2703719045211106
1105,2.1488795524226645,-1.238830520164904
1106,2.335920368884821,-1.1148564872181257
1107,3.1294589624821434,0.9751004935504355
1108,3.3183604228512724,0.7936854851337469
1109,1.9723370792625983,1.282215608034957
1110,0.322774597358201,-1.1714031682491708
1111,-0.2968702244449858,-1.4154268183980256
1112,-1.1224966195443578,-1.102687309063477
1113,-0.37459040781700353,0.11865736368221513
1114,0.289961692950237,-0.4415732835269086
1115,1.6672466623835847,0.5541626472794906
1116,0.6281613656775564,0.8331060205939234
1117,-0.23729140775411656,-0.6535460200007909
1118,0.3172074046099232,-2.105721252243448
1119,0.7483300842774305,-0.9187515325660323
1120,0.4626544909551342,-0.6932473491823924
1121,1.099569516246807,-0.46818874057704696
1122,-0.2026629934908104,-2.0085572797397
1123,0.7446255754265998,0.04955075135544651
1124,1.8746374644113797,-0.25004695570610785
1125,1.8342581621361762,0.11770310849862559
1126,2.3238827214082303,-0.9015083247564136
1127,0.9426070706610249,0.0202114177056284
1128,2.914729899142384,1.0556854563293339
1129,2.32870528693911,0.5532181697466988
1130,1.801239322864345,1.5022868919572288
1131,2.115720615640304,1.1892258236632738
1132,1.1623388403919552,1.8558581409380075
1133,1.3531225869824868,0.7771926845345902
1134,-0.06072683696174752,-0.2552924250411063
1135,0.6345980399528441,2.238379199906712
1136,0.8114041088466163,0.9204789803338196
1137,0.7966588738924771,0.5577604673070757
1138,0.8174349126114238,1.4679090165509272
1139,0.22766281243554376,1.883201179375479
1140,2.045247980654972,2.543224081084947
1141,0.29996751062092364,1.3705863299952399
1142,1.1959623385671885,0.29175063453222483
1143,2.879868467841025,0.18701263549453156
1144,3.656334455400973,-0.5887958613564174
1145,2.541235740337368,0.6034889327721819
1146,1.6293934655658058,0.6862487081716948
1147,1.2594250203433248,1.5810886378381754
1148,1.9259750017739496,3.007457926887999
1149,0.4539168362059858,0.13681238814276142
1150,-0.3889248924182964,0.2122837938611191
1151,-0.07429763759885097,2.003980797048849
1152,2.062364463686848,-0.2980684403899343
1153,3.4138121113155258,0.5932897419394612
1154,4.69242385939838,0.983409853941007
1155,1.8870826945649493,0.5063354823251355
1156,0.20804166059922524,-0.15277657358728525
1157,-1.9810361637316602,-0.6252911168111459
1158,-1.2181340433559413,-1.302274121682806
1159,1.00728119183431,-1.9076467684517169
1160,1.5196576107639805,0.2148601614436425
1161,2.0165654182429003,1.148613979636159
1162,1.3217542341999384,0.4998214264803088
1163,2.919098499897749,1.5238613374057475
1164,0.774448281441616,1.0287586213701831
1165,0.4775455736198846,-0.48027972742907676
1166,1.234552619130596,1.5124754140136545
1167,0.5803206257486457,1.6288344177342815
1168,-0.31543845342306454,2.4369884830338373
1169,-1.5547683089427013,2.865744322307286
1170,-1.22543811563285,3.886748873485911
1171,-2.781325577823744,2.46151295161193
1172,-2.0444893352796054,1.9454838002003405
1173,-2.8002591747057775,3.261932480568525
1174,-1.8547034830423215,2.855456132822137
1175,-2.1354515435162345,1.000735225202592
1176,0.47042571999006677,0.6117286595018129
1177,-0.07583356529128321,-0.6358818152203523
1178,1.8027096444556374,-1.0282554872817606
1179,-0.7872633619636522,-1.237739016748639
1180,-0.38875839758768543,0.16299072448068386
1181,-0.6938661075140016,-0.0606013857862977
1182,-2.525545323712901,1.5328556226047172
1183,-3.4346825530991545,0.47211556891448103
1184,-2.067503325150072,0.06640754173146712
1185,-1.001723933525898,0.375844966905407
1186,-1.277593260326739,-0.5319785728997581
1187,-1.6793099281646833,-1.58981630314153
1188,-1.2487326806296448,-1.3110083881969512
1189,-1.610251756416788,-2.5273735330448694
1190,-0.4587247168614361,-2.7968046502364468
1191,1.4511110783000833,-3.3617973775282044
1192,1.1410901955977395,-1.6305526406655064
1193,0.10009152974737567,-2.1173648755368912
1194,1.083951061499096,0.9786958641563821
1195,-1.3842399237753624,0.5797326434657147
1196,-0.11314097676521484,-0.6690267839314337
1197,0.5103256792100632,-0.26824772564864274
1198,0.6100271398500202,0.6489861423276888
1199,0.6394671313200654,0.9033650851464793
1200,-1.6491508438269633,0.5281048511507936
1201,-1.2210673750356702,2.594593480870361
1202,0.06231702201768308,2.7253450141613724
1203,-0.5958890095964992,-0.0857711969593824
1204,-0.13458070878253536,-0.26236378021642626
1205,1.504480002665473,-0.8857798505430938
1206,0.1838322775986303,-1.039707497256479
1207,-1.4658705628187212,-0.24005003529722935
1208,-0.9889101065421191,0.5470345760088662
1209,-0.1345230606539506,0.8061069924183374
1210,1.0710556556852833,0.3877591366612868
1211,0.8124961812135767,0.19792895093960108
1212,-0.14507215262517892,1.3891029550471687
1213,-0.5708685335413447,0.23492315401891062
1214,0.39492508894682143,-0.48228598246904875
1215,-2.6335744875412113,-1.1649255943889578
1216,-1.4322700100962629,1.0891836700402646
1217,0.3740778714243045,1.2003529652701028
1218,-0.38524710270596907,2.7153382633836824
1219,-0.583256997406512,1.0470090811024746
1220,0.5110965856941997,0.9424260236696405
1221,2.0680692158564065,-0.40108777635462256
1222,2.400626427147723,-0.4567726804822435
1223,2.6533423845275292,-0.2795638592656316
1224,3.0744473064400752,-0.4476939523211347
1225,3.276700659618014,-1.4906985762304166
1226,1.8245038555803665,-2.4452042511370085
1227,1.4644178961449221,-2.100039708853473
1228,2.1082461868415505,-0.08529094314777086
1229,-0.8096413799057085,-0.31089861765394144
1230,-0.9864975518045049,-1.1995286676436556
1231,0.12043468525865997,-3.281173967085381
1232,0.0017420445792724615,-3.9298264302516257
1233,0.6782867725408839,-2.521381257741569
1234,-1.9809400363506664,-1.7020821587781263
1235,-1.4938706308544745,0.908408853585831
1236,-0.9459068776647662,-0.34091628788447914
1237,1.8672956687100866,0.9211990856960433
1238,2.0683964131076977,2.0242305045174995
1239,0.8693391241998196,1.8513923700866033
1240,0.7927837682046166,1.484778301857707
1241,1.5200382073828083,1.9090681908126252
1242,1.5904682263640255,0.999078779543479
1243,1.6421053920459243,0.46195401483847
1244,0.41198143054002445,0.40463222854219577
1245,0.4011140759213591,0.17737314395821357
1246,0.7660267314633836,0.6534537801807007
1247,0.23382242813653586,1.5980426435632276
1248,0.9915535446927102,1.4451248395282885
1249,1.1210589144417353,1.204828995258837
1250,3.1494929165584775,0.8204483506710568
1251,2.58840539985605,-0.47876478574803905
1252,-0.01691744354949809,1.797404656894844
1253,-0.6524461883541957,3.3248848246262064
1254,-2.502785932721768,3.9456560710412374
1255,-1.0686028574824733,3.791049587827574
1256,1.1268001376498735,3.023274034661895
1257,-0.2995134921136743,2.1069004439581955
1258,-2.0864571707409048,1.303638385528151
1259,-2.265642926863992,1.0567727427110978
1260,-0.13416587163647997,0.5789263746304866
1261,2.070382882348307,-0.9131948460479556
1262,2.329678470312598,-0.43147219814944704
1263,2.507103190038092,1.0068061887989994
1264,1.4955443743858583,1.299698460938695
1265,1.6129163482920665,0.5948301283181314
1266,0.5942870815327227,1.8561933146548453
1267,-0.27041651512864184,2.664704785466996
1268,-0.8773442854264335,2.6622295000848593
1269,-2.016266425483922,1.1364523252335252
1270,-0.5943673201268085,2.385422206467072
1271,-0.24229044133670694,2.7189392160330805
1272,-1.8893378233974252,-0.023075645646656984
1273,0.45341574156133624,-0.37908767821201167
1274,2.6337313841308925,0.20586410463268073
1275,2.012086789901108,1.7643255474926156
1276,2.0325183170728462,0.6050899370006861
1277,1.8798012881893351,0.20306351558858166
1278,2.8584690394184786,0.971429542681259
1279,3.4746149548766976,1.738119341407058
1280,2.4649191900456024,1.288822815166631
1281,1.2528726845404896,0.4743970760979351
1282,1.3762164903253957,1.1146139059126976
1283,2.129843423834106,0.29275396097936524
1284,2.152135212310125,-1.1566453918231345
1285,1.0823134406297306,0.10634624006127003
1286,-0.6703901384133545,-0.6528120602391809
1287,-0.9134515234747271,-1.0799493544589263
1288,0.3841023447407834,-0.8033390811797158
1289,1.9860338463644727,-0.9761353237280861
1290,1.942891203789745,-0.36245203596883163
1291,-0.0030929233880874207,-1.0428472133118436
1292,0.3385124591155991,0.25676050284778884
1293,-0.2179183629857191,-1.3181664881209945
1294,0.3657192601091111,-0.6663294019217214
1295,2.26043265330217,-0.267506270066133
1296,2.205937547849759,0.080342274737558
1297,1.0490207187561844,0.46390274120084674
1298,0.08293206862137881,1.1562489203989177
1299,-0.8446540974110577,0.9998374415298734
1300,-0.8637295771271604,0.03977976911041636
1301,1.1286522323181236,1.117405654546519
1302,-0.286478422753226,0.6279855881335752
1303,-0.5753946692394792,0.8060185536862818
1304,-1.2269239256394526,-0.15865782271906081
1305,1.1039010398962434,0.1287906124804198
1306,1.6085532868034642,0.9958267867375072
1307,2.4566001890815925,0.9298125815254941
1308,1.9355317737392752,0.3017934757261432
1309,2.462890762437639,0.6137128532334986
1310,1.8220111456351127,0.10747375080958155
1311,0.6708985074337181,-0.2915304942109079
1312,0.9099758339272686,0.8395646887325989
1313,0.5645456977032668,0.3941101125511651
1314,0.040229848956020664,0.37779359610761865
1315,-1.1326330916787763,0.020223514329480385
1316,-0.4990782291083055,-1.6549772475439934
1317,-0.8920408178135109,-2.1142874883310836
1318,0.019979494515414253,-0.2659020325046868
1319,-0.8745810693609425,-0.23943505851408545
1320,-0.5857619018748407,-0.6698511192445796
1321,0.8456180127898425,-0.3433419923446538
1322,-0.5243017430477092,-1.436709262700189
1323,1.0240021832276245,-0.154589756163672
1324,0.4973155608490822,-1.2849423659500618
1325,0.6887726250047288,-2.2078918179063836
1326,0.2161253282669483,-2.038780027783571
1327,0.17394032917094474,-0.0933856623032594
1328,-0.4807325186521314,0.6300186044980772
1329,-1.8740197684991013,1.0032285965100212
1330,-3.453219016059175,1.1845713553641148
1331,-1.9743087424777088,-0.24345448064035158
1332,-1.717703483007531,-0.1237692495246304
1333,-2.197679427683683,1.2307540174836302
1334,-1.0750476203352821,0.553367067970072
1335,-0.35666457161021936,0.870968595222984
1336,1.215771098243266,-0.9946692672427493
1337,2.1264770566145943,-0.5183176054836953
1338,2.705187488136051,-0.7657971695736361
1339,2.8176562050092344,0.665215378150736
1340,1.3452327528614183,-0.30849285133613635
1341,0.2712810947487886,-1.2872589729286363
1342,1.12325380915572,-0.8339845980355585
1343,2.3739428715085733,-1.0531661847194695
1344,3.2242645821080846,-1.5005097148392248
1345,4.516353913771141,-0.07102510143059737
1346,2.9942330407796454,0.9492537065654217
1347,2.9680630237043237,0.7062917481769435
1348,1.7585606073522486,-1.2865123688155173
1349,-0.3914695245356683,-1.9913589118117883
1350,-2.146694080319035,-1.301265808289092
1351,-1.9114110947101537,-0.9097285874401722
1352,-1.1896033298666262,-0.5234638267820781
1353,0.10843728065016633,-0.23225553177774166
1354,-0.7832306076067319,-0.8422489036768686
1355,-1.2887043159547944,0.47781414753449136
1356,-0.7819756988153825,-0.6932156025788223
1357,0.21565315608486635,-1.2795455961448559
1358,0.3105695451894515,-1.561614298898778
1359,0.3743182545478375,-1.83292190580902
1360,1.8804754560795418,-1.8725443619795743
1361,3.026614674388939,-2.6233046677855207
1362,2.382969874020513,-1.6128861653223663
1363,0.1424857728281712,-1.9783444879946699
1364,-1.5525732661673053,-0.4732596366959383
1365,-2.635820179369548,-0.809429106564837
1366,-1.5077724147827027,-1.344896406471512
1367,-0.6241910446211175,-0.8699452592967502
1368,-0.7408724841908192,-0.7757828853995586
1369,-1.8691696049595017,0.7155479478675154
1370,-3.211172435833001,-0.18823446873804206
1371,-2.587870861582684,-1.6691115384127468
1372,-1.3275058829343291,-1.2748270677806808
1373,-1.3310223571049018,-0.5541871041157913
1374,-3.078103456807304,0.4845348115138477
1375,-3.2779154340230843,-0.27848508606992883
1376,-2.398683317407985,-1.5089341318065814
1377,-0.7782961373419279,-1.657650461144525
1378,0.35598394186888527,-0.5803179937413437
1379,-1.1497722874272231,1.3595696252092682
1380,-2.157084604635551,3.0213752482513883
1381,-0.7010800722325161,2.095089044860387
1382,1.3778759770970797,4.014180124586112
1383,0.6725399069085167,3.0807778835128317
1384,-0.7546739686667958,2.3862273759693164
1385,-0.3325926353191072,1.9233941363366815
1386,-0.8977180440592623,1.0445194601526024
1387,-0.6743894855903249,1.7013800093256668
1388,-0.8703466529339561,1.2240684661990782
1389,-2.1880292851769703,-1.0501427599751427
1390,-2.6559667546119505,-0.8128999349120449
1391,-1.275237028393087,-1.69412590446754
1392,1.2223407890514362,-1.9331634007030094
1393,1.6698453939500606,-1.6733338083463491
1394,1.2270778611110844,-0.18068547367368315
1395,0.947258835557537,0.7300462071897444
1396,0.9551537857430589,1.0566491903699389
1397,1.1191516495167164,-0.31921645337640214
1398,1.308764616926939,0.6567907768128374
1399,1.0861423823086722,0.992668808451102
1400,-0.03139054403293329,1.7613954095576987
1401,-1.3753341112749375,1.16096447375172
1402,-0.07106218551494314,0.5299249319036028
1403,2.2367032141429566,2.406390991701561
1404,1.215713652371989,2.297706171168124
1405,0.9130565171482615,1.9627723379742226
1406,1.5211571039498146,2.205991644329361
1407,-0.2690996810169728,0.5925503521288977
1408,-1.435458762566892,-1.0026171400096637
1409,-2.5957832743557425,-0.025388549089588652
1410,-2.1741418539708253,-1.5772835976148232
1411,-2.8811302755639634,-0.6166905860745556
1412,-0.6935095565543943,0.33171642893290776
1413,-1.2308003226279365,-0.3940705097174337
1414,0.868970228071342,0.35604088205473977
1415,0.30805631252259114,-0.8075841513165688
1416,0.5638921382683213,-0.8692361861151504
1417,0.1664480081288383,-0.252322212791382
1418,-1.6265527960559827,-0.13655735766548505
1419,-0.5458393814971736,-0.17749824165175415
1420,-1.6933642425595523,-0.26964414108391943
1421,0.3539003341280835,-0.41287292342994486
1422,0.6329883295940828,0.6669932758890174
1423,1.0608053814796623,0.008363254424153754
1424,0.33445979839121315,0.6134537707583679
1425,-0.5413098381673102,1.1952921654487056
1426,-1.2206078400601121,1.4581529503065953
1427,0.22841227492184113,1.5706278691745263
1428,0.7600540798933817,0.4743328308395286
1429,1.7426547339650855,0.1428060020894477
1430,0.7126022457390836,-0.7962557763508288
1431,1.1115002671526897,0.8958564332501262
1432,-0.29591936100410576,0.4879291858510173
1433,-1.6497884891636718,1.706694515575374
1434,0.24169375435715978,-0.498626805873692
1435,-1.7703776505068387,-1.1244409530705908
1436,-1.3634779193344315,-1.0241617006539763
1437,-1.244510543141402,-1.072801889293629
1438,0.11082875409210846,-0.8114036092176513
1439,-1.2029152143735795,-0.5903765296292725
1440,-0.1970087262367125,0.7499218356845093
1441,-1.0583749389658494,1.4838352089719118
1442,-0.9292334695905383,0.5290494234258603
1443,-1.2304326366005969,-0.7925588906686163
1444,-0.5783885569647618,-0.7020956779609931
1445,-1.767610847349384,-1.6628990924892855
1446,-1.7592620492416018,-0.15290550951696336
1447,-1.6106838683628135,0.6250303421571574
1448,-2.3780826520743457,-0.6630044561351681
1449,-0.9542484267653248,-1.6693174622853029
1450,-0.6845884205736461,-0.43283725995013167
1451,1.2472924440522968,-0.3063672335302645
1452,0.33779747153001494,-0.5642448607534587
1453,1.0422609820595814,-0.1570864415953489
1454,1.6791232007039838,-0.35147431406337115
1455,4.069209970226803,-1.012389579009996
1456,1.4745467534565968,-1.86385373228526
1457,1.78055895927214,-1.4997495886813386
1458,2.3322606676224624,-1.5014991615252582
1459,0.4505621798539674,0.20439157004259556
1460,0.7530290315453951,-0.10190308427843564
1461,-0.32842626206625647,-0.0833914210780665
1462,-1.7197619491712677,0.13530585898826603
1463,-0.6443420996682292,0.5773417855190008
1464,-2.0977391152876703,1.0165768847587393
1465,-2.1513070646922907,0.8285173273809499
1466,-1.8451679267333498,-0.4792796273910398
1467,-0.8923644828074786,0.24495275410752898
1468,-0.3732976502063644,0.7538620124748794
1469,0.1671069868538267,-0.4929115097993355
1470,-0.16065970851292177,0.10882103018321304
1471,-0.4147893258784007,-1.289428230476003
1472,0.16139627616733765,-1.6604496442089909
1473,0.7530677453192011,-2.757794549014621
1474,0.4768674100910266,-0.9192392387181001
1475,0.5044553093952323,-1.1272189519941476
1476,1.3999107879281323,-1.8546157180686575
1477,0.7802610043259115,-1.9141158400691114
1478,0.9324476559275665,-0.4927121070007199
1479,-0.34838182688567665,-0.12711547776723459
1480,1.105193826994245,0.24789484234122738
1481,1.054739365108416,0.9665346657122375
1482,0.9219232541388569,1.1649584024538338
1483,0.8136791047029175,0.48528004470866126
1484,1.4540407769359662,3.638570429173996
1485,0.8050352378763637,3.7280178378421835
1486,-0.48764470060974563,1.2047802164611423
1487,0.8798719037376465,0.6158644862896916
1488,-1.465700255143098,0.9737963510862659
1489,-0.17725827735432031,0.11294960940901089
1490,0.24977370714679809,0.020512365907977323
1491,1.0066592980563231,-0.32118900037138537
1492,1.3161636716703187,-2.0601416169906557
1493,-0.4567346339079257,-1.7254690586217214
1494,2.711228376563508,-0.2727024691162898
1495,3.4914237026557373,-0.425090025641778
1496,1.6644525397943433,-1.0300059041860443
1497,1.723098312165905,-1.1111240366762334
1498,0.7961673236892547,-1.2218382506697623
1499,0.9394126175828004,-0.6706873705167783
1500,1.9517024958817863,0.051927157973399085
1501,0.9881536571351954,-1.5594978127635435
1502,0.21909849628836342,-2.0048068337097775
1503,-0.6828896002712436,-2.5527829392175914
1504,-0.49313156820370463,-1.7285561398898983
1505,-1.5180347515135684,-2.3801774366250146
1506,-0.6097736702727335,-0.7924372269874788
1507,-0.33989348052349616,-0.8166676653187395
1508,-0.8254299057910155,0.559612193965876
1509,-3.0343350779204847,1.0353668938557359
1510,-2.1485254469377946,0.6946990647757667
1511,-0.7618576646344342,0.45850311190754134
1512,-0.7805891907928083,1.6792401000522488
1513,0.7098347075745478,-0.18834901494105072
1514,0.8523752479392448,-0.09699731204789444
1515,0.6403443582238321,1.360730241702422
1516,1.9115782811450335,-0.46591724016923797
1517,0.9636425175351643,0.92404345687426
1518,-0.17486852364124572,1.7010064331699197
1519,-1.7635569910545572,0.3553820091037001
1520,-0.90131432182546,-0.6035157856329715
1521,-1.5332712918967677,-0.8250216663749246
1522,-1.4529356813045975,0.4066402436945542
1523,-2.4646847272789105,0.2549166333050338
1524,-3.615882072381366,0.6357132746169308
1525,-4.229396604775139,-1.0347502760847647
1526,-4.96333609018814,-0.9847777790677822
1527,-3.5915768027517943,0.8872446060741414
1528,-3.912536893624744,0.7949947876889523
1529,-3.9769529744453354,1.371732306699453
1530,-1.9546600191930872,1.815001417247322
1531,-1.9791204442510097,3.013694759003865
1532,-4.964716987203041,2.547758951626952
1533,-4.494594401586351,1.569716800617118
1534,-2.794404064023816,1.2858929542927946
1535,-2.055677153328752,1.84991973246894
1536,-1.1199588690619002,0.9254907777670618
1537,-2.026990166743815,1.626132768227704
1538,-1.763011478274402,-0.34333495516171286
1539,-0.6907592055797499,-1.6485900916025216
1540,-0.23893266160122095,0.6477343827630169
1541,1.8873814700685088,-1.248358963281197
1542,0.29871309714407634,-2.079177256127885
1543,-0.4274894448396496,-0.01546190004329473
1544,0.7177563511706075,-0.7987479535877008
1545,-2.1146895276053392,0.17731943852793053
1546,-2.045945178259441,0.195227876414502
1547,-2.520892729307223,1.0445953745661278
1548,-0.2959844277359025,-0.08814771744258698
1549,-0.5411367353175411,0.5407676437038637
1550,0.254891353607512,0.8251613134264555
1551,2.6482530020779977,-0.5586189946186636
1552,1.1240474068539639,-1.167862843804498
1553,1.4323784015391057,-1.151604059284864
1554,1.143507938062128,-2.088925623645304
1555,1.9950265330973351,-2.9641647120857284
1556,-0.009570695237667737,-2.9450511497548977
1557,-1.6643711913786055,0.06487999921557819
1558,-2.8212786125753135,-1.1870922014588696
1559,-1.5950415486175777,-2.119306694412555
1560,-1.181892291062112,-2.3283413191974485
1561,-0.2433283593243667,-3.8916794664502534
1562,0.19853970141171828,-3.5307965532035563
1563,0.30547151277638396,-3.419365721576466
1564,-1.7358556709395996,-3.7278943444907107
1565,-3.8329337343387913,-4.261482759071379
1566,-3.698947903395,-3.6876207412675974
1567,-2.3496196403816754,-4.052036770036919
1568,-1.6931339754684986,-3.1684683203849393
1569,0.23710848589271682,-1.2870940688454513
1570,-0.9671131766024369,-0.17588019861421855
1571,0.7368877641574724,-0.6673512143643032
1572,-0.2791361059156755,-1.0049182840121444
1573,0.4627310119503294,0.3078090097494721
1574,2.6111036317949816,0.5843485026343473
1575,2.493706961877498,0.6125297615257764
1576,2.36475494971633,1.2253316733639759
1577,2.7528746759931098,2.234298630841656
1578,0.8127475233957036,1.034961131301356
1579,0.8919906776095298,2.099308126485786
1580,2.320482661208078,0.3600883085510562
1581,1.2783678170491317,0.6524470145933363
1582,1.4022664594757979,0.0548522274044933
1583,0.482149533511795,0.7952655356790923
1584,2.009981691772798,1.8905302569799418
1585,1.5193755948254848,0.19334036864747706
1586,0.26212947425351973,-1.5790886400831454
1587,-1.2975045933023839,-0.7411150663918553
1588,0.436853415550275,-0.8893226005414732
1589,0.21419108639280487,-2.046291886193163
1590,1.1174371404388013,-3.1099684561482857
1591,2.053476383494226,-2.6591993983209004
1592,2.4725949257503297,-0.39646766426638336
1593,2.214039086754542,0.21527064792757705
1594,1.4669368783289098,1.026471528299664
1595,1.9412519984407184,-0.33850061971863254
1596,-0.18555561680269106,-0.0333509009162796
1597,-0.0572967136607164,-1.2937793833065523
1598,1.9508172887418775,0.8203077145137982
1599,2.338891683771353,-0.32768754584892
1600,2.9334041083227804,0.9734192314096463
1601,2.9796533178708544,0.7734343424101832
1602,1.8940080430343853,0.7703205414109052
1603,-0.21910880831880308,0.5981944990894736
1604,-1.316693428635197,0.750100589739142
1605,-0.007849539257999028,1.050963257189484
1606,0.12150237166658404,1.478323285110834
1607,1.0355625805596245,-0.26738401299408654
1608,-1.7023199841419512,0.3467225727396772
1609,-1.020842714604989,-0.584331411194163
1610,-2.1573594115846357,1.1495906315012006
1611,-3.0674244814779303,-0.7648482636914542
1612,-2.30135282971602,0.5183543373948143
1613,-1.0109074049656404,1.2295099105749663
1614,0.5594850402539229,-0.21534991894836153
1615,-0.12337081424282348,0.03239869470800846
1616,0.057970443906957714,-0.8494695727894704
1617,0.34183569151408216,0.2872374190991688
1618,1.0623280454116695,0.8201203901911144
1619,1.4688898637923673,1.3533182392100445
1620,1.2342674846629806,-0.09965204173097608
1621,1.4260720647255063,-0.501849830205734
1622,0.23253280610588867,1.3188576607663354
1623,0.6130357221431368,1.2105888621266447
1624,1.4910923476505928,1.6757394727017396
1625,1.9064365874544933,0.5971915826319367
1626,-0.07424888935977791,0.07571618311143774
1627,-0.12486820921099825,0.20667502043912828
1628,0.9965746231318341,0.5862798384210306
1629,0.4432942969582476,3.1487369146693878
1630,0.9673295968261689,2.503004274129771
1631,1.1919911410573658,2.137801325510083
1632,0.7968407871543854,0.2933697278887182
1633,-0.6921654810843398,0.5227954586100533
1634,-0.07275722029462978,-0.8672498236738581
1635,0.5331925914605807,-1.5094998797808177
1636,-0.3265080949479011,0.6695262115768048
1637,-1.300808419849298,0.5540309284378573
1638,-0.8364324120754181,1.8823285343739133
1639,-2.1609376909483324,-0.35678606329345697
1640,-0.2832060979862645,0.10078523279617724
1641,0.7566743281136825,0.7511872016833779
1642,0.750280813387335,1.337092125066793
1643,-1.1888497738903363,0.9767061860824596
1644,0.2467831542922274,0.08949839811054805
1645,1.0419415806880419,0.5923077253512742
1646,0.6045599594777475,0.0796091048749128
1647,-0.7174491665499035,-0.1646322919855738
1648,-1.2452224846930275,0.31560385106417155
1649,-0.9486099864380091,0.09606917424129341
1650,-0.5628410197918946,1.5853636630240993
1651,-0.3275862313041156,2.0994702206590152
1652,1.929777749517409,1.9424410349268293
1653,1.5839045436336605,0.31794479407278176
1654,2.453066798095451,1.770905072616259
1655,2.8515464002128557,0.27028629080618827
1656,2.073289489586059,-1.0024801782665325
1657,1.0431917907925121,-0.12368934037667734
1658,0.04809027604908933,-1.9725907178770667
1659,0.9105422304700586,-0.3023411018350477
1660,-0.39523293424284844,-0.1922763515379679
1661,-0.3441962358785598,-1.765933342170381
1662,-1.5656441643242573,-0.8618301762008604
1663,-1.3255540850273506,1.360364910777158
1664,-1.346514935251832,1.0372799073115393
1665,-1.2154418470218187,0.43961481731517327
1666,-3.770063765378243,-0.9502787645194222
1667,-3.1915624848289985,-0.9960045269475977
1668,-1.8601511047492947,-0.43914108973712657
1669,-1.5445961140331474,-0.6082752252647482
1670,-1.3316807420503771,-0.13899230459052125
1671,-0.7532805213474054,0.2379989041283691
1672,-2.069468655726795,0.3063580585662554
1673,-4.2546893541352055,1.6424739043200385
1674,-3.4191895214915418,0.45995906219775917
1675,-3.0478505565905714,1.1042704083121186
1676,-1.0800956569948257,0.9137469989590259
1677,-0.18707536630518096,0.609639304704802
1678,-0.4146944528413378,-0.32047395258093847
1679,-0.6937968477166958,-0.004803400819332032
1680,-0.30606245615326233,-0.8883578501752782
1681,-1.222699638852311,0.04999591581964524
1682,-0.8251944850957401,-1.1682284106503578
1683,-1.9725884479699936,-2.066680047760861
1684,-1.1636391406612367,-2.7588029876025892
1685,-2.9629244143472837,-3.3583342814046837
1686,-2.5401318881317567,-3.0267930090399835
1687,-2.327472138265283,-2.405452852316517
1688,0.04277453154095112,-1.0881804950231506
1689,0.37496986771367957,0.773781008648533
1690,1.1825557447710744,1.89722740441612
1691,-0.6596743559849981,0.9233114572442909
1692,-0.13962405894893015,0.28498390137023355
1693,0.4558048057486248,0.17421325112260222
1694,0.3349316838394485,-0.7715679635379928
1695,0.3415704217602869,-1.4139150453435023
1696,0.4710043726200229,-1.0943635104829037
1697,1.867419799992622,-1.2902714364456482
1698,0.5538337600596593,0.230754939979412
1699,-0.608180648624796,0.731804058738557
1700,-0.7374478115511318,-0.7947659200487339
1701,0.11261944377493893,-0.5074007636540061
1702,-0.4934472892402453,-1.4308461268758306
1703,-0.9659537663524294,0.2506431065157497
1704,-3.2679770764944798,0.6507460740730702
1705,-2.4053922152767093,0.6718330798892959
1706,-0.6908157177105532,1.9482624976226013
1707,0.2708696412523881,-0.7387113933178471
1708,1.8031536852089611,-0.10968891382916907
1709,1.792070835075054,0.18772049173727812
1710,0.24233364302695892,1.593109310622417
1711,-0.5241914084167334,0.5775032359920755
1712,0.23111399036081492,0.8145734934368742
1713,-2.079703612806583,-0.4603167238198781
1714,-1.4089600848876005,-1.825093930932974
1715,-0.4315882074576911,-1.4044477209127686
1716,0.24649188261067423,-1.8879516157305347
1717,0.04892197353204186,-2.7523522520859105
1718,1.198302559806574,-2.0425136038624205
1719,0.9224497401942303,-2.011938569143299
1720,-1.2699289955722024,-1.3759954565507349
1721,-0.4929060684486062,0.16383232061762376
1722,0.3600097558723127,-2.7411603574999
1723,0.967656463717374,-1.258188549611307
1724,1.9390237920083753,-1.7936408537118074
1725,1.5698100974571185,-0.5744790265047395
1726,0.2634360791975272,-0.8307090829781052
1727,-0.13128741094213286,-0.46456311065828526
1728,-2.029828276211587,-3.3147219357019866
1729,-2.3599759667081894,-2.2018564468151536
1730,-1.8457023143751095,-2.2789028756052434
1731,-2.089640236485238,-1.6662709669900422
1732,-1.1045434796782063,-0.936756465855072
1733,-1.0404140627516953,0.10985074843217135
1734,-0.368737171943237,-1.6798058638427837
1735,-0.9086844660176894,-1.5482103954258202
1736,-0.7606658830689705,-3.142324858393591
1737,-2.4581877281839413,-3.003817764172783
1738,-3.3428510077166056,-2.9307466466297654
1739,-2.967345256996094,-2.429207988543841
1740,-2.804777978726781,-2.0616004383820714
1741,-0.4507348226336605,-1.6439993024220538
1742,-0.16873782628777137,-0.5083702903017778
1743,0.6880362516666967,-0.7493868274913154
1744,0.08233660116811292,0.04111531660740475
1745,-0.44134966028614564,-2.009527827719098
1746,-0.8163509772031641,-1.9795286751596117
1747,-2.477575434700191,-2.3754150635514004
1748,-0.6679687212004106,-1.0607153618935934
1749,-0.05589228392059237,-2.2652252270833504
1750,1.0540992735826091,-0.14493287345079375
1751,1.9524081638886477,-1.430906218888548
1752,1.996839656683764,-1.0674841401679336
1753,2.5792020784328415,0.5886892991102157
1754,1.580303515740709,0.5354168507763286
1755,1.2840795626426709,0.9944760386515916
1756,0.7783638855721371,1.8179941409489297
1757,0.9243732095866637,3.124911181718982
1758,2.749085477170003,2.620272792972024
1759,2.9605924808331103,2.914865144556265
1760,3.7517092121340516,1.3541944622809134
1761,2.8780707971047086,0.11497801365184435
1762,2.4286740669313587,0.8830648943096796
1763,1.4086055776342645,0.8167631861159037
1764,1.6133389109523253,1.7714257172722554
1765,1.9341301297207907,-0.12283883968569032
1766,1.162043151539475,2.055364744454508
1767,0.43817002039055847,0.8275517458884319
1768,1.1725564520700344,0.5555803197683677
1769,1.6464893993960288,0.8119875381412031
1770,0.17425903610011506,0.24051932477773036
1771,1.2284611752211831,0.3582341742850632
1772,0.5979306616539284,-0.16343978883734894
1773,0.9437626154309211,0.2340681430953383
1774,1.1715320577138495,-0.6308983689418481
1775,1.8862927010307655,-0.9928902072572054
1776,1.1763875344028656,-0.2915298064427827
1777,-0.9137189806017404,0.30717887946362815
1778,-1.1707759323053946,-0.04182644013384035
1779,0.8030646526615977,1.9155025695346437
1780,-0.8590223470689711,-0.8749433609356154
1781,-0.5958869417593013,-0.09856574513807959
1782,-0.594639950901692,-0.9589719001393473
1783,0.49368231241501126,0.5956854793176485
1784,0.42758896679129366,0.6456883020052776
1785,1.8956956341702371,0.8639652842884447
1786,1.341437447201048,1.2451762620014433
1787,1.3552617879992581,1.9422200731266577
1788,1.2985928620998755,1.8507508647345454
1789,0.6017438456803028,3.8242862636652135
1790,-0.4662926452383552,1.560196142853354
1791,0.26560114159046,3.944032752427376
1792,-1.0037212385827616,2.3518326004955536
1793,-0.41045835588287316,1.7264172612368556
1794,0.47339315288329964,1.8486584015288159
1795,-0.4252287239072282,1.5890574975157368
1796,0.40747455078710604,2.8963874165486243
1797,0.45500835095455183,1.2153659153740666
1798,-0.6698201140303272,0.5321669691073384
1799,-1.8117376338610405,1.3140522893150695
1800,-1.1132928756432612,1.9235370054321441
1801,-2.172131912777543,2.3916670125369244
1802,-2.507271236283351,1.0390470453613752
1803,-2.7618559910303704,-1.022645282340881
1804,-3.0992857729446532,-1.1747593098847633
1805,-1.9073734782268725,-0.9486995438531038
1806,-0.9449256592019046,-0.20339187229183298
1807,-1.5838066157452801,0.17665629438320926
1808,-1.538826642024677,-2.20458561739692
1809,0.06651931704426461,-1.744307005465886
1810,0.5554535382061728,-1.8742797636070772
1811,1.213276840771528,-0.3652159193830138
1812,-0.6028524433416586,-0.609529639102075
1813,0.30956190689370067,-0.7953603945641153
1814,1.2803002512658497,-0.9924527384009454
1815,-1.3356854445995616,0.58060682846663
1816,0.3597883716837771,0.43037966608309214
1817,1.0808602452101743,-0.4282267195951159
1818,0.9370715189390671,-1.8214363727672747
1819,0.13835956399524219,-1.152175398055165
1820,-1.806756325478593,-1.5214459351274408
1821,-1.7156352862712576,-0.9086741093075784
1822,-3.9166902489829503,-2.5276603065321237
1823,-3.6574401855723973,-1.3919602961511637
1824,-1.8058939264623939,-1.7236502511432015
1825,-0.12747534454187748,-0.2467227699951775
1826,-1.4181239908505145,1.420108226367883
1827,-2.0929402638807684,1.9981819909894476
1828,-1.707228715124591,2.319475625384055
1829,-0.7142709769687918,2.941295090981701
1830,-0.7299036188100954,0.6890560137232531
1831,2.1771337679942113,0.4907126551238189
1832,1.4704527347385672,1.8900153285667192
1833,1.2035290404771781,3.3444469873163722
1834,1.7843310933998944,4.46034469901125
1835,2.9664241810265386,6.482145120918606
1836,1.533081539732352,7.275351477987794
1837,-0.06986410214224481,4.42412961236771
1838,0.5729541143261142,3.8410000919393954
1839,0.4508514807349816,2.915156084600953
1840,0.6261527070617121,2.205277788043538
1841,0.5674811173074722,1.60157994031059
1842,-2.0357711913615626,1.3765809461938052
1843,-1.0533670668859023,0.0208022717027585
1844,-0.8426058155101019,1.8433304089543165
1845,-2.1255349154879903,-0.3071441089297262
1846,-1.8142690007359596,-0.30829516238963295
1847,-1.492663203097491,-1.1349819964960737
1848,-2.791969486440781,0.5268762693290052
1849,-2.7117532104384043,1.4618696740255173
1850,-1.5734185549894848,0.10063202239673552
1851,-1.7415613925454538,0.3316471960092128
1852,-1.363561219241888,-0.2218114893216531
1853,-0.8219956175268504,0.4737775497291002
1854,-1.3002167158418074,1.8004659077485263
1855,-0.9066943195290066,1.45103492509508
1856,-0.4073339755202561,0.2729776876946439
1857,0.23685167459645462,-2.507958253125069
1858,0.8682105898018577,-1.0647101688854523
1859,-0.37785133655266834,-2.057870335954506
1860,-0.786911008686022,-1.5199433191363794
1861,0.23739432200981103,0.45680227545020813
1862,1.0825793766909986,0.779081741678399
1863,1.177146937556611,1.031746893991016
1864,-0.041360995811638435,0.8256763975840755
1865,-0.11959978106432272,1.385257908435113
1866,0.5393298534364414,2.1248140075027013
1867,0.5833313501884665,3.7849945967566345
1868,-0.4204316492803276,3.195525001525377
1869,-1.2989592702694743,1.3415392632057799
1870,-1.0529061067935543,1.598212056437279
1871,-1.4682761391968895,0.8456006477590774
1872,-2.3926570886753553,0.5128610583550431
1873,-1.1875648431434076,0.8694194326715592
1874,-1.8091294656670298,1.8137414964393952
1875,-1.3990470314739616,-0.10599412454797097
1876,0.4482781206011346,-0.6019397751290161
1877,0.639400304656687,-0.6148552098659177
1878,0.8729464174970191,0.01341856673104791
1879,2.015573001959326,-0.790436767713105
1880,0.22155714133210824,-1.5351322154075042
1881,-0.2753076846634811,-1.6137033501781013
1882,-1.9986282057610252,-0.7124255331625975
1883,-0.8704095576975601,-1.1513923391497016
1884,-0.41694363217512675,0.5568556041984931
1885,1.3969398512012496,1.3418539625001573
1886,0.8999432558385718,2.7822372166800893
1887,0.9905604266904138,2.860624396933532
1888,-0.6350607753896373,1.072217078385048
1889,-2.7555415821597973,0.9432472048701204
1890,-1.48328000611781,1.755595427083206
1891,0.12811235715703795,0.8027310147217748
1892,-1.8103765998377819,0.40570389683817454
1893,-2.456371655334432,0.3825186599284023
1894,-2.6076357902744336,-0.3190839397676839
1895,-0.37924821023613253,-1.3847602269061143
1896,-0.5389773880998731,-1.8584564662174887
1897,-1.243570274127138,-2.6461473024701228
1898,-1.6642326126470182,-2.7845486766634746
1899,-2.5145033724167574,-2.8808120134897566
1900,-2.794718154230868,-1.890955973238587
1901,-1.54604591973249,-0.6262489709873825
1902,-0.32618609080188454,1.0398909580157105
1903,-1.4116860075921864,-0.7870452620597309
1904,0.44947972509444156,-1.2913191375174304
1905,0.14475617664759205,0.7726616051129619
1906,0.1356512772283418,0.207127226967466
1907,-1.3402346570939112,-2.310093042909455
1908,-0.04796939834135294,0.048312187582619126
1909,-1.0524570294050308,-0.599203069999128
1910,0.22127999548066213,-1.5138414696986282
1911,0.5626643669091248,-1.7954840376123498
1912,0.5481573977366299,-1.930696163427763
1913,1.1915419497357511,-0.7708126295235607
1914,0.23242848777516967,-1.1284950924435724
1915,-0.5570646865950978,-0.8425524022046674
1916,-0.01929550433571592,0.08879884169948038
1917,-1.1742943646774482,0.8090719837821079
1918,-1.550677119296813,0.8850009151079101
1919,0.039195080063720855,1.7891309887275728
1920,-0.6548542704722653,1.6251938352277984
1921,-0.7263898357732841,1.4677230079833272
1922,-1.7188426499514664,-0.9539287474839937
1923,-2.0455605159975367,-1.9175818830406262
1924,-1.4578767544332671,1.4002462644478548
1925,-2.540009110681554,2.666810346884856
1926,-1.3382547684946835,1.651069934520298
1927,-0.18899123536168216,2.4996781913101844
1928,-0.6925776347779375,1.2786080858939113
1929,-2.783272328965085,1.3319784558382572
1930,-1.6071556023453013,1.2476658844676163
1931,-2.961507289743738,0.9068202504967168
1932,-2.848925763205881,1.020111927435564
1933,-3.1334173521212456,0.30574667725381366
1934,-1.4242558256439408,-0.08606147245666904
1935,-1.416901261465272,-1.2163396684404673
1936,0.32101628740597343,-0.18418351784906495
1937,-1.83917247615113,-1.1541102287850933
1938,-0.4396798450056749,-1.1667320897500724
1939,-1.455558162067915,0.39582003945129884
1940,-1.2229976135901377,-0.4056523224029115
1941,0.15480913051441136,1.05048258791148
1942,-0.8240829516664981,0.18759247233075715
1943,-1.6328775979649204,-1.194770940843889
1944,-0.8211687931720748,-2.377844438528862
1945,-0.9061290353189084,-3.40450392083164
1946,-0.6256419685777528,-3.4190302388837654
1947,0.9303403136137833,-1.8495249289026254
1948,0.8095476430766437,-1.103660118644414
1949,-0.10879436797557573,-1.4364880490626253
1950,-1.3006622612015086,-0.9079843618595083
1951,0.20581296537493055,0.008756903863971988
1952,0.8268519661378558,0.8513744374988561
1953,0.7801667381315502,-0.5848069091668698
1954,1.4605866932037044,-1.1257915017997067
1955,-0.05527771832924433,-1.5247103882426893
1956,0.4284822305184279,-0.8710931377312646
1957,1.4740840494624714,-0.1846656888019157
1958,-0.11584431042196375,-0.2921179241080787
1959,-0.3242369119491779,-0.27482466900462205
1960,0.28763485893416896,-0.15825298071692057
1961,1.2446944842836742,0.7209473742413942
1962,2.0784754049297782,0.6192417243402102
1963,1.0412541139595497,2.1099056310101085
1964,0.7614957929429533,1.783909623017068
1965,0.21868842631793606,0.28603890958667977
1966,-1.310397322604842,2.2536264523828735
1967,-0.9287452585262997,2.933037167498885
1968,-3.400069322917391,2.606339936881161
1969,-3.166623824274059,0.9251826492942257
1970,-4.3838155813626045,-1.247978480270423
1971,-3.585715048142163,0.7968643013966275
1972,-4.66087109085571,1.2875284488244532
1973,-3.3808506492889085,0.7041127076666982
1974,-3.622381586998333,1.4655110716041473
1975,-1.3551505730741438,0.07754747687072339
1976,-1.6489814018606703,-0.547928972788591
1977,-1.814661894791276,-1.223899154006161
1978,-0.5364130863160332,0.3817917597641336
1979,0.49974178412180364,2.6045688316118083
1980,-0.614090347908671,3.612045079831705
1981,-2.1645634840779824,2.7907340898366915
1982,-3.2185499953399526,3.243274383052702
1983,-3.6603812738161388,2.516989967132753
1984,-3.3631121256429766,2.801669130425243
1985,-2.022141150457353,3.3194318074777653
1986,-1.981617863154176,1.689066471122519
1987,-1.9336988969657067,2.0935439506599502
1988,-1.0477246430197638,1.2180835759918487
1989,-0.2990191306126181,1.73391255026218
1990,0.7977377812355072,0.26186689911742866
1991,2.176800214954547,0.2815251042966776
1992,0.40973438205929624,1.5532978027137307
1993,0.3282543271771334,0.30594934819188946
1994,-0.2657350132572688,1.5731797550618485
1995,-2.065505136581601,1.1941606824124804
1996,-2.9699687167574815,-0.3471364899635563
1997,-2.484421184293822,1.458323839246939
1998,-3.5875268265071596,1.835490141784044
1999,-3.2883446543096095,1.5900354008099122
